[
  {
    "name": "Blank",
    "className": "pt-icon-blank",
    "tags": "empty, placeholder",
    "group": "miscellaneous",
    "content": "\\e900"
  },
  {
    "name": "Style",
    "className": "pt-icon-style",
    "tags": "visual style, editor",
    "group": "editor",
    "content": "\\e601"
  },
  {
    "name": "Align: left",
    "className": "pt-icon-align-left",
    "tags": "text flow, alignment, justification, range, flush left",
    "group": "editor",
    "content": "\\e602"
  },
  {
    "name": "Align: center",
    "className": "pt-icon-align-center",
    "tags": "text flow, alignment, justification, range, centered",
    "group": "editor",
    "content": "\\e603"
  },
  {
    "name": "Align: right",
    "className": "pt-icon-align-right",
    "tags": "text flow, alignment, justification, range, flush right",
    "group": "editor",
    "content": "\\e604"
  },
  {
    "name": "Align: justify",
    "className": "pt-icon-align-justify",
    "tags": "text flow, alignment, justification, range, justified",
    "group": "editor",
    "content": "\\e605"
  },
  {
    "name": "Bold",
    "className": "pt-icon-bold",
    "tags": "typography, text, font style, weight, bold",
    "group": "editor",
    "content": "\\e606"
  },
  {
    "name": "Italic",
    "className": "pt-icon-italic",
    "tags": "typography, text, font style, italic, cursive",
    "group": "editor",
    "content": "\\e607"
  },
  {
    "name": "Underline",
    "className": "pt-icon-underline",
    "tags": "typography, text, font style, underline, underscore",
    "group": "editor",
    "content": "\\2381"
  },
  {
    "name": "Search around",
    "className": "pt-icon-search-around",
    "tags": "search, exploration, information, area, graph",
    "group": "action",
    "content": "\\e608"
  },
  {
    "name": "Remove from graph",
    "className": "pt-icon-graph-remove",
    "tags": "circle, remove, delete, clear, graph",
    "group": "action",
    "content": "\\e609"
  },
  {
    "name": "Group objects",
    "className": "pt-icon-group-objects",
    "tags": "group, alignment, organization, arrangement, classification, objects",
    "group": "action",
    "content": "\\e60a"
  },
  {
    "name": "Merge into links",
    "className": "pt-icon-merge-links",
    "tags": "merge, combine, consolidate, jointment, links",
    "group": "action",
    "content": "\\e60b"
  },
  {
    "name": "Layout",
    "className": "pt-icon-layout",
    "tags": "layout, presentation, arrangement, graph",
    "group": "data",
    "content": "\\e60c"
  },
  {
    "name": "Layout: auto",
    "className": "pt-icon-layout-auto",
    "tags": "layout, presentation, arrangement, auto, graph, grid",
    "group": "data",
    "content": "\\e60d"
  },
  {
    "name": "Layout: circle",
    "className": "pt-icon-layout-circle",
    "tags": "layout, presentation, arrangement, circle, graph, grid",
    "group": "data",
    "content": "\\e60e"
  },
  {
    "name": "Layout: hierarchy",
    "className": "pt-icon-layout-hierarchy",
    "tags": "layout, presentation, arrangement, hierarchy, order, graph, grid",
    "group": "data",
    "content": "\\e60f"
  },
  {
    "name": "Layout: grid",
    "className": "pt-icon-layout-grid",
    "tags": "layout, presentation, arrangement, grid, graph, grid",
    "group": "data",
    "content": "\\e610"
  },
  {
    "name": "Layout: group by",
    "className": "pt-icon-layout-group-by",
    "tags": "layout, presentation, arrangement, group by, graph, grid",
    "group": "data",
    "content": "\\e611"
  },
  {
    "name": "Layout: skew grid",
    "className": "pt-icon-layout-skew-grid",
    "tags": "layout, presentation, arrangement, skew, graph, grid",
    "group": "data",
    "content": "\\e612"
  },
  {
    "name": "Geosearch",
    "className": "pt-icon-geosearch",
    "tags": "search, exploration, topography, geography, location, area, magnifying glass, globe",
    "group": "action",
    "content": "\\e613"
  },
  {
    "name": "Heatmap",
    "className": "pt-icon-heatmap",
    "tags": "hierarchy, matrix, heat map",
    "group": "data",
    "content": "\\e614"
  },
  {
    "name": "Drive time",
    "className": "pt-icon-drive-time",
    "tags": "car, automobile, vehicle, van, drive, ride, distance, navigation, directions",
    "group": "interface",
    "content": "\\e615"
  },
  {
    "name": "Select",
    "className": "pt-icon-select",
    "tags": "selection, arrow, cursor, area, range",
    "group": "action",
    "content": "\\e616"
  },
  {
    "name": "Predictive analysis",
    "className": "pt-icon-predictive-analysis",
    "tags": "analysis, investigation, search, study, test, brain",
    "group": "action",
    "content": "\\e617"
  },
  {
    "name": "Layers",
    "className": "pt-icon-layers",
    "tags": "layers, levels, stack, cards",
    "group": "interface",
    "content": "\\e618"
  },
  {
    "name": "Locate",
    "className": "pt-icon-locate",
    "tags": "target, location, destination, mark, map, area",
    "group": "action",
    "content": "\\e619"
  },
  {
    "name": "Bookmark",
    "className": "pt-icon-bookmark",
    "tags": "bookmark, marker, holder, section, identifier, favorites",
    "group": "action",
    "content": "\\e61a"
  },
  {
    "name": "Citation",
    "className": "pt-icon-citation",
    "tags": "quotation, citation, marks, excerpt",
    "group": "editor",
    "content": "\\e61b"
  },
  {
    "name": "Tag",
    "className": "pt-icon-tag",
    "tags": "tag, label, badge, identification",
    "group": "action",
    "content": "\\e61c"
  },
  {
    "name": "Clipboard",
    "className": "pt-icon-clipboard",
    "tags": "clipboard, notepad, notebook, copy, paste, transfer, storage",
    "group": "action",
    "content": "\\e61d"
  },
  {
    "name": "Selection",
    "className": "pt-icon-selection",
    "tags": "selection, collection, circle, ring",
    "group": "action",
    "content": "\\29bf"
  },
  {
    "name": "Events",
    "className": "pt-icon-timeline-events",
    "tags": "calendar, timeframe, agenda, diary, day, week, month",
    "group": "interface",
    "content": "\\e61e"
  },
  {
    "name": "Line chart",
    "className": "pt-icon-timeline-line-chart",
    "tags": "graph, line, chart",
    "group": "data",
    "content": "\\e61f"
  },
  {
    "name": "Bar chart",
    "className": "pt-icon-timeline-bar-chart",
    "tags": "graph, bar, chart",
    "group": "data",
    "content": "\\e620"
  },
  {
    "name": "Applications",
    "className": "pt-icon-applications",
    "tags": "application, browser, windows, platforms",
    "group": "interface",
    "content": "\\e621"
  },
  {
    "name": "Projects",
    "className": "pt-icon-projects",
    "tags": "drawer, sections",
    "group": "interface",
    "content": "\\e622"
  },
  {
    "name": "Changes",
    "className": "pt-icon-changes",
    "tags": "arrows, direction, switch",
    "group": "action",
    "content": "\\e623"
  },
  {
    "name": "Notifications",
    "className": "pt-icon-notifications",
    "tags": "notifications, bell, alarm, notice, warning",
    "group": "interface",
    "content": "\\e624"
  },
  {
    "name": "Lock",
    "className": "pt-icon-lock",
    "tags": "lock, engage, connect, join, close",
    "group": "action",
    "content": "\\e625"
  },
  {
    "name": "Unlock",
    "className": "pt-icon-unlock",
    "tags": "unlock, disengage, disconnect, separate, open",
    "group": "action",
    "content": "\\e626"
  },
  {
    "name": "User",
    "className": "pt-icon-user",
    "tags": "person, human, male, female, character, customer, individual",
    "group": "interface",
    "content": "\\e627"
  },
  {
    "name": "Search template",
    "className": "pt-icon-search-template",
    "tags": "search, text, magnifying glass",
    "group": "action",
    "content": "\\e628"
  },
  {
    "name": "Inbox",
    "className": "pt-icon-inbox",
    "tags": "folder, mail, file, message",
    "group": "file",
    "content": "\\e629"
  },
  {
    "name": "More",
    "className": "pt-icon-more",
    "tags": "dots, three, extra, new, options",
    "group": "interface",
    "content": "\\e62a"
  },
  {
    "name": "Help",
    "className": "pt-icon-help",
    "tags": "question mark, aid, advice, circle",
    "group": "action",
    "content": "\\003F"
  },
  {
    "name": "Calendar",
    "className": "pt-icon-calendar",
    "tags": "calendar, timeframe, agenda, diary, day, week, month",
    "group": "interface",
    "content": "\\e62b"
  },
  {
    "name": "Media",
    "className": "pt-icon-media",
    "tags": "audio, video, media, picture, image, drawing, illustration",
    "group": "media",
    "content": "\\e62c"
  },
  {
    "name": "Link",
    "className": "pt-icon-link",
    "tags": "link, connection, network",
    "group": "interface",
    "content": "\\e62d"
  },
  {
    "name": "Share",
    "className": "pt-icon-share",
    "tags": "share, square, arrow",
    "group": "action",
    "content": "\\e62e"
  },
  {
    "name": "Download",
    "className": "pt-icon-download",
    "tags": "circle, arrow, down, downloading",
    "group": "action",
    "content": "\\e62f"
  },
  {
    "name": "Document",
    "className": "pt-icon-document",
    "tags": "document, paper, page, file",
    "group": "file",
    "content": "\\e630"
  },
  {
    "name": "Properties",
    "className": "pt-icon-properties",
    "tags": "lines, dots, three, list",
    "group": "interface",
    "content": "\\e631"
  },
  {
    "name": "Import",
    "className": "pt-icon-import",
    "tags": "arrow, down, importing,",
    "group": "action",
    "content": "\\e632"
  },
  {
    "name": "Export",
    "className": "pt-icon-export",
    "tags": "arrow, up, exporting",
    "group": "action",
    "content": "\\e633"
  },
  {
    "name": "Minimize",
    "className": "pt-icon-minimize",
    "tags": "arrows, decrease, smaller",
    "group": "action",
    "content": "\\e634"
  },
  {
    "name": "Maximize",
    "className": "pt-icon-maximize",
    "tags": "arrows, increase, bigger",
    "group": "action",
    "content": "\\e635"
  },
  {
    "name": "Tick",
    "className": "pt-icon-tick",
    "tags": "tick mark, sign, ok, approved, success",
    "group": "action",
    "content": "\\2713"
  },
  {
    "name": "Cross",
    "className": "pt-icon-cross",
    "tags": "cross mark, fail, delete, no, close, remove",
    "group": "action",
    "content": "\\2717"
  },
  {
    "name": "Plus",
    "className": "pt-icon-plus",
    "tags": "sign, add, maximize, zoom in",
    "group": "action",
    "content": "\\002b"
  },
  {
    "name": "Minus",
    "className": "pt-icon-minus",
    "tags": "sign, remove, minimize, zoom out",
    "group": "action",
    "content": "\\2212"
  },
  {
    "name": "Arrow: left",
    "className": "pt-icon-arrow-left",
    "tags": "arrow, direction, left",
    "group": "interface",
    "content": "\\2190"
  },
  {
    "name": "Arrow: right",
    "className": "pt-icon-arrow-right",
    "tags": "arrow, direction, right",
    "group": "interface",
    "content": "\\2192"
  },
  {
    "name": "Exchange",
    "className": "pt-icon-exchange",
    "tags": "arrows, direction, exchange, network, swap, transfer, transaction",
    "group": "action",
    "content": "\\e636"
  },
  {
    "name": "Comparison",
    "className": "pt-icon-comparison",
    "tags": "comparison, analogy, layout, contrast",
    "group": "action",
    "content": "\\e637"
  },
  {
    "name": "List",
    "className": "pt-icon-list",
    "tags": "agenda, four lines, table",
    "group": "table",
    "content": "\\2630"
  },
  {
    "name": "Filter",
    "className": "pt-icon-filter",
    "tags": "filtering, funnel, tube, pipe",
    "group": "action",
    "content": "\\e638"
  },
  {
    "name": "Confirm",
    "className": "pt-icon-confirm",
    "tags": "circle, tick, confirmation, acceptance, approval, authorization",
    "group": "action",
    "content": "\\e639"
  },
  {
    "name": "Fork",
    "className": "pt-icon-fork",
    "tags": "divide, split, break, arrows, direction",
    "group": "action",
    "content": "\\e63a"
  },
  {
    "name": "Trash",
    "className": "pt-icon-trash",
    "tags": "bin, rubbish, junk, remove, delete",
    "group": "action",
    "content": "\\e63b"
  },
  {
    "name": "Person",
    "className": "pt-icon-person",
    "tags": "person, human, male, female, character, customer, individual",
    "group": "interface",
    "content": "\\e63c"
  },
  {
    "name": "People",
    "className": "pt-icon-people",
    "tags": "people, humans, males, females, characters, customers, individuals",
    "group": "interface",
    "content": "\\e63d"
  },
  {
    "name": "Add",
    "className": "pt-icon-add",
    "tags": "circle, plus, symbol, join",
    "group": "action",
    "content": "\\e63e"
  },
  {
    "name": "Remove",
    "className": "pt-icon-remove",
    "tags": "circle, minus, symbol, remove",
    "group": "action",
    "content": "\\e63f"
  },
  {
    "name": "Geolocation",
    "className": "pt-icon-geolocation",
    "tags": "geography, location, position, map, direction",
    "group": "interface",
    "content": "\\e640"
  },
  {
    "name": "Zoom in",
    "className": "pt-icon-zoom-in",
    "tags": "search, magnifying glass, plus",
    "group": "action",
    "content": "\\e641"
  },
  {
    "name": "Zoom out",
    "className": "pt-icon-zoom-out",
    "tags": "search, magnifying glass, minus",
    "group": "action",
    "content": "\\e642"
  },
  {
    "name": "Refresh",
    "className": "pt-icon-refresh",
    "tags": "circle, arrows, rotation",
    "group": "action",
    "content": "\\e643"
  },
  {
    "name": "Delete",
    "className": "pt-icon-delete",
    "tags": "circle, remove, cross",
    "group": "action",
    "content": "\\e644"
  },
  {
    "name": "Cog",
    "className": "pt-icon-cog",
    "tags": "settings, circle,",
    "group": "interface",
    "content": "\\e645"
  },
  {
    "name": "Flag",
    "className": "pt-icon-flag",
    "tags": "map, position, country, nationality",
    "group": "interface",
    "content": "\\2691"
  },
  {
    "name": "Pin",
    "className": "pt-icon-pin",
    "tags": "map, position, safety pin, attach",
    "group": "action",
    "content": "\\e646"
  },
  {
    "name": "Warning",
    "className": "pt-icon-warning-sign",
    "tags": "notification, warning, triangle, exclamation mark, sign",
    "group": "interface",
    "content": "\\e647"
  },
  {
    "name": "Error",
    "className": "pt-icon-error",
    "tags": "notification, failure, circle, exclamation mark, sign",
    "group": "interface",
    "content": "\\e648"
  },
  {
    "name": "Info",
    "className": "pt-icon-info-sign",
    "tags": "notification, information, circle, message, sign",
    "group": "interface",
    "content": "\\2139"
  },
  {
    "name": "Credit card",
    "className": "pt-icon-credit-card",
    "tags": "payment, bank, transaction",
    "group": "action",
    "content": "\\e649"
  },
  {
    "name": "Edit",
    "className": "pt-icon-edit",
    "tags": "annotate, pen, modify",
    "group": "action",
    "content": "\\270E"
  },
  {
    "name": "History",
    "className": "pt-icon-history",
    "tags": "past, reverse, circle, arrow",
    "group": "action",
    "content": "\\e64a"
  },
  {
    "name": "Search",
    "className": "pt-icon-search",
    "tags": "inspection, exploration, magnifying glass",
    "group": "action",
    "content": "\\e64b"
  },
  {
    "name": "Logout",
    "className": "pt-icon-log-out",
    "tags": "arrow, leave",
    "group": "action",
    "content": "\\e64c"
  },
  {
    "name": "Star: filled",
    "className": "pt-icon-star",
    "tags": "shape, pin, mark, pro",
    "group": "interface",
    "content": "\\2605"
  },
  {
    "name": "Star: empty",
    "className": "pt-icon-star-empty",
    "tags": "shape, unpin, mark",
    "group": "interface",
    "content": "\\2606"
  },
  {
    "name": "Sort: alphabetical",
    "className": "pt-icon-sort-alphabetical",
    "tags": "ascending, array, arrange",
    "group": "action",
    "content": "\\e64d"
  },
  {
    "name": "Sort: numerical",
    "className": "pt-icon-sort-numerical",
    "tags": "ascending, array, arrange",
    "group": "action",
    "content": "\\e64e"
  },
  {
    "name": "Sort",
    "className": "pt-icon-sort",
    "tags": "ascending, array, arrange",
    "group": "action",
    "content": "\\e64f"
  },
  {
    "name": "Folder: opened",
    "className": "pt-icon-folder-open",
    "tags": "file, portfolio, case",
    "group": "file",
    "content": "\\e651"
  },
  {
    "name": "Folder: closed",
    "className": "pt-icon-folder-close",
    "tags": "file, portfolio, case",
    "group": "file",
    "content": "\\e652"
  },
  {
    "name": "Folder: shared",
    "className": "pt-icon-folder-shared",
    "tags": "file, portfolio, case",
    "group": "file",
    "content": "\\e653"
  },
  {
    "name": "Caret: up",
    "className": "pt-icon-caret-up",
    "tags": "direction, order, up",
    "group": "interface",
    "content": "\\2303"
  },
  {
    "name": "Caret: right",
    "className": "pt-icon-caret-right",
    "tags": "direction, order, right",
    "group": "interface",
    "content": "\\232A"
  },
  {
    "name": "Caret: down",
    "className": "pt-icon-caret-down",
    "tags": "direction, order, down",
    "group": "interface",
    "content": "\\2304"
  },
  {
    "name": "Caret: left",
    "className": "pt-icon-caret-left",
    "tags": "direction, order, left",
    "group": "interface",
    "content": "\\2329"
  },
  {
    "name": "Menu: opened",
    "className": "pt-icon-menu-open",
    "tags": "show, navigation",
    "group": "interface",
    "content": "\\e654"
  },
  {
    "name": "Menu: closed",
    "className": "pt-icon-menu-closed",
    "tags": "hide, navigation",
    "group": "interface",
    "content": "\\e655"
  },
  {
    "name": "Feed",
    "className": "pt-icon-feed",
    "tags": "rss, feed",
    "group": "interface",
    "content": "\\e656"
  },
  {
    "name": "Two columns",
    "className": "pt-icon-two-columns",
    "tags": "layout, columns, switch, change, two",
    "group": "action",
    "content": "\\e657"
  },
  {
    "name": "One column",
    "className": "pt-icon-one-column",
    "tags": "layout, columns, switch, change, one",
    "group": "action",
    "content": "\\e658"
  },
  {
    "name": "Dot",
    "className": "pt-icon-dot",
    "tags": "point, circle, small",
    "group": "miscellaneous",
    "content": "\\2022"
  },
  {
    "name": "Property",
    "className": "pt-icon-property",
    "tags": "list, order",
    "group": "interface",
    "content": "\\e65a"
  },
  {
    "name": "Time",
    "className": "pt-icon-time",
    "tags": "clock, day, hours, minutes, seconds",
    "group": "interface",
    "content": "\\23F2"
  },
  {
    "name": "Disable",
    "className": "pt-icon-disable",
    "tags": "off, circle, remove",
    "group": "action",
    "content": "\\e600"
  },
  {
    "name": "Unpin",
    "className": "pt-icon-unpin",
    "tags": "map, position, safety pin, detach",
    "group": "action",
    "content": "\\e650"
  },
  {
    "name": "Flows",
    "className": "pt-icon-flows",
    "tags": "arrows, direction, links",
    "group": "data",
    "content": "\\e659"
  },
  {
    "name": "New text box",
    "className": "pt-icon-new-text-box",
    "tags": "text box, edit, new, create",
    "group": "action",
    "content": "\\e65b"
  },
  {
    "name": "New link",
    "className": "pt-icon-new-link",
    "tags": "create, add, plus, links",
    "group": "action",
    "content": "\\e65c"
  },
  {
    "name": "New object",
    "className": "pt-icon-new-object",
    "tags": "create, add, plus, objects, circle",
    "group": "action",
    "content": "\\e65d"
  },
  {
    "name": "Path search",
    "className": "pt-icon-path-search",
    "tags": "map, magnifying glass, position, location",
    "group": "action",
    "content": "\\e65e"
  },
  {
    "name": "Automatic updates",
    "className": "pt-icon-automatic-updates",
    "tags": "circle, arrows, tick, amends, updates",
    "group": "action",
    "content": "\\e65f"
  },
  {
    "name": "Page layout",
    "className": "pt-icon-page-layout",
    "tags": "browser, table, design, columns",
    "group": "table",
    "content": "\\e660"
  },
  {
    "name": "Code",
    "className": "pt-icon-code",
    "tags": "code, markup, language, tag",
    "group": "action",
    "content": "\\e661"
  },
  {
    "name": "Map",
    "className": "pt-icon-map",
    "tags": "map, location, position, geography, world",
    "group": "interface",
    "content": "\\e662"
  },
  {
    "name": "Search text",
    "className": "pt-icon-search-text",
    "tags": "magnifying glass, exploration",
    "group": "action",
    "content": "\\e663"
  },
  {
    "name": "Envelope",
    "className": "pt-icon-envelope",
    "tags": "post, mail, send, email",
    "group": "interface",
    "content": "\\2709"
  },
  {
    "name": "Paperclip",
    "className": "pt-icon-paperclip",
    "tags": "attachments, add",
    "group": "action",
    "content": "\\e664"
  },
  {
    "name": "Label",
    "className": "pt-icon-label",
    "tags": "text, tag, ticket",
    "group": "interface",
    "content": "\\e665"
  },
  {
    "name": "Globe",
    "className": "pt-icon-globe",
    "tags": "planet, earth, map, location, geography, world",
    "group": "miscellaneous",
    "content": "\\e666"
  },
  {
    "name": "Home",
    "className": "pt-icon-home",
    "tags": "house, building, destination",
    "group": "miscellaneous",
    "content": "\\2302"
  },
  {
    "name": "Table",
    "className": "pt-icon-th",
    "tags": "index, rows, columns, agenda, list, spreadsheet",
    "group": "table",
    "content": "\\e667"
  },
  {
    "name": "Table: list",
    "className": "pt-icon-th-list",
    "tags": "index, rows, list, order, series",
    "group": "table",
    "content": "\\e668"
  },
  {
    "name": "Table: derived",
    "className": "pt-icon-th-derived",
    "tags": "get, obtain, take, acquire, index, rows, columns, list",
    "group": "table",
    "content": "\\e669"
  },
  {
    "name": "Radial",
    "className": "pt-icon-circle",
    "tags": "circle, empty, area, radius, selection",
    "group": "action",
    "content": "\\e66a"
  },
  {
    "name": "Draw",
    "className": "pt-icon-draw",
    "tags": "selection, area, highlight, sketch",
    "group": "action",
    "content": "\\e66b"
  },
  {
    "name": "Insert",
    "className": "pt-icon-insert",
    "tags": "square, plus, add, embed, include, inject",
    "group": "action",
    "content": "\\e66c"
  },
  {
    "name": "Helper management",
    "className": "pt-icon-helper-management",
    "tags": "square, widget",
    "group": "interface",
    "content": "\\e66d"
  },
  {
    "name": "Send to",
    "className": "pt-icon-send-to",
    "tags": "circle, export, arrow",
    "group": "action",
    "content": "\\e66e"
  },
  {
    "name": "Eye",
    "className": "pt-icon-eye-open",
    "tags": "show, visible, clear, view, vision",
    "group": "interface",
    "content": "\\e66f"
  },
  {
    "name": "Folder: shared open",
    "className": "pt-icon-folder-shared-open",
    "tags": "file, portfolio, case",
    "group": "file",
    "content": "\\e670"
  },
  {
    "name": "Social media",
    "className": "pt-icon-social-media",
    "tags": "circle, rotate, share",
    "group": "action",
    "content": "\\e671"
  },
  {
    "name": "Arrow: up",
    "className": "pt-icon-arrow-up",
    "tags": "direction, north",
    "group": "interface",
    "content": "\\2191 "
  },
  {
    "name": "Arrow: down",
    "className": "pt-icon-arrow-down",
    "tags": "direction, south",
    "group": "interface",
    "content": "\\2193 "
  },
  {
    "name": "Arrows: horizontal",
    "className": "pt-icon-arrows-horizontal",
    "tags": "direction, level",
    "group": "interface",
    "content": "\\2194 "
  },
  {
    "name": "Arrows: vertical",
    "className": "pt-icon-arrows-vertical",
    "tags": "direction, level",
    "group": "interface",
    "content": "\\2195 "
  },
  {
    "name": "Resolve",
    "className": "pt-icon-resolve",
    "tags": "circles, divide, split",
    "group": "action",
    "content": "\\e672"
  },
  {
    "name": "Graph",
    "className": "pt-icon-graph",
    "tags": "graph, diagram",
    "group": "data",
    "content": "\\e673"
  },
  {
    "name": "Briefcase",
    "className": "pt-icon-briefcase",
    "tags": "suitcase, business, case, baggage,",
    "group": "miscellaneous",
    "content": "\\e674"
  },
  {
    "name": "Dollar",
    "className": "pt-icon-dollar",
    "tags": "currency, money",
    "group": "miscellaneous",
    "content": "\\0024"
  },
  {
    "name": "Ninja",
    "className": "pt-icon-ninja",
    "tags": "star, fighter, symbol",
    "group": "miscellaneous",
    "content": "\\e675"
  },
  {
    "name": "Delta",
    "className": "pt-icon-delta",
    "tags": "alt j, symbol",
    "group": "miscellaneous",
    "content": "\\0394"
  },
  {
    "name": "Barcode",
    "className": "pt-icon-barcode",
    "tags": "product, scan,",
    "group": "miscellaneous",
    "content": "\\e676"
  },
  {
    "name": "Torch",
    "className": "pt-icon-torch",
    "tags": "light, flashlight,",
    "group": "miscellaneous",
    "content": "\\e677"
  },
  {
    "name": "Widget",
    "className": "pt-icon-widget",
    "tags": "square, corners",
    "group": "interface",
    "content": "\\e678"
  },
  {
    "name": "Unresolve",
    "className": "pt-icon-unresolve",
    "tags": "split, divide, disconnect, separate",
    "group": "action",
    "content": "\\e679"
  },
  {
    "name": "Offline",
    "className": "pt-icon-offline",
    "tags": "circle, lightning, disconnected, down",
    "group": "interface",
    "content": "\\e67a"
  },
  {
    "name": "Zoom to fit",
    "className": "pt-icon-zoom-to-fit",
    "tags": "fit, scale, resize, adjust",
    "group": "action",
    "content": "\\e67b"
  },
  {
    "name": "Add to artifact",
    "className": "pt-icon-add-to-artifact",
    "tags": "list, plus",
    "group": "action",
    "content": "\\e67c"
  },
  {
    "name": "Map marker",
    "className": "pt-icon-map-marker",
    "tags": "pin, map, location, position, geography, world",
    "group": "interface",
    "content": "\\e67d"
  },
  {
    "name": "Chart",
    "className": "pt-icon-chart",
    "tags": "arrow, increase, up, line, bar, graph",
    "group": "data",
    "content": "\\e67e"
  },
  {
    "name": "Control",
    "className": "pt-icon-control",
    "tags": "squares, layout",
    "group": "interface",
    "content": "\\e67f"
  },
  {
    "name": "Multi select",
    "className": "pt-icon-multi-select",
    "tags": "layers, selection",
    "group": "interface",
    "content": "\\e680"
  },
  {
    "name": "Direction: left",
    "className": "pt-icon-direction-left",
    "tags": "pointer, west",
    "group": "interface",
    "content": "\\e681"
  },
  {
    "name": "Direction: right",
    "className": "pt-icon-direction-right",
    "tags": "pointer, east",
    "group": "interface",
    "content": "\\e682"
  },
  {
    "name": "Database",
    "className": "pt-icon-database",
    "tags": "stack, storage",
    "group": "data",
    "content": "\\e683"
  },
  {
    "name": "Pie chart",
    "className": "pt-icon-pie-chart",
    "tags": "circle, part, section",
    "group": "data",
    "content": "\\e684"
  },
  {
    "name": "Full circle",
    "className": "pt-icon-full-circle",
    "tags": "dot, point",
    "group": "miscellaneous",
    "content": "\\e685"
  },
  {
    "name": "Square",
    "className": "pt-icon-square",
    "tags": "empty, outline",
    "group": "miscellaneous",
    "content": "\\e686"
  },
  {
    "name": "Print",
    "className": "pt-icon-print",
    "tags": "printer, paper",
    "group": "action",
    "content": "\\2399"
  },
  {
    "name": "Presentation",
    "className": "pt-icon-presentation",
    "tags": "display, presentation",
    "group": "interface",
    "content": "\\e687"
  },
  {
    "name": "Ungroup objects",
    "className": "pt-icon-ungroup-objects",
    "tags": "split, divide, disconnect, separate",
    "group": "action",
    "content": "\\e688"
  },
  {
    "name": "Chat",
    "className": "pt-icon-chat",
    "tags": "speech, conversation, communication, talk",
    "group": "action",
    "content": "\\e689"
  },
  {
    "name": "Comment",
    "className": "pt-icon-comment",
    "tags": "statement, discussion, opinion, view",
    "group": "action",
    "content": "\\e68a"
  },
  {
    "name": "Circle arrow: right",
    "className": "pt-icon-circle-arrow-right",
    "tags": "direction, east",
    "group": "interface",
    "content": "\\e68b"
  },
  {
    "name": "Circle arrow: left",
    "className": "pt-icon-circle-arrow-left",
    "tags": "direction, west",
    "group": "interface",
    "content": "\\e68c"
  },
  {
    "name": "Circle arrow: up",
    "className": "pt-icon-circle-arrow-up",
    "tags": "direction, north",
    "group": "interface",
    "content": "\\e68d"
  },
  {
    "name": "Circle arrow: down",
    "className": "pt-icon-circle-arrow-down",
    "tags": "direction, south",
    "group": "interface",
    "content": "\\e68e"
  },
  {
    "name": "Upload",
    "className": "pt-icon-upload",
    "tags": "arrow, circle, up, transfer",
    "group": "action",
    "content": "\\e68f"
  },
  {
    "name": "Asterisk",
    "className": "pt-icon-asterisk",
    "tags": "note, symbol, starred, marked",
    "group": "miscellaneous",
    "content": "\\002a"
  },
  {
    "name": "Cloud",
    "className": "pt-icon-cloud",
    "tags": "file, storage, weather",
    "group": "file",
    "content": "\\2601"
  },
  {
    "name": "Cloud: download",
    "className": "pt-icon-cloud-download",
    "tags": "file, storage, transfer",
    "group": "file",
    "content": "\\e690"
  },
  {
    "name": "Cloud: upload",
    "className": "pt-icon-cloud-upload",
    "tags": "file, storage, transfer",
    "group": "file",
    "content": "\\e691"
  },
  {
    "name": "Repeat",
    "className": "pt-icon-repeat",
    "tags": "circle, arrow",
    "group": "action",
    "content": "\\e692"
  },
  {
    "name": "Move",
    "className": "pt-icon-move",
    "tags": "arrows, directions, position, location",
    "group": "action",
    "content": "\\e693"
  },
  {
    "name": "Chevron: left",
    "className": "pt-icon-chevron-left",
    "tags": "arrow, direction",
    "group": "interface",
    "content": "\\e694"
  },
  {
    "name": "Chevron: right",
    "className": "pt-icon-chevron-right",
    "tags": "arrow, direction",
    "group": "interface",
    "content": "\\e695"
  },
  {
    "name": "Chevron: up",
    "className": "pt-icon-chevron-up",
    "tags": "arrow, direction",
    "group": "interface",
    "content": "\\e696"
  },
  {
    "name": "Chevron: down",
    "className": "pt-icon-chevron-down",
    "tags": "arrow, direction",
    "group": "interface",
    "content": "\\e697"
  },
  {
    "name": "Random",
    "className": "pt-icon-random",
    "tags": "arrows, aim",
    "group": "interface",
    "content": "\\e698"
  },
  {
    "name": "Fullscreen",
    "className": "pt-icon-fullscreen",
    "tags": "size, arrows, increase, proportion, width, height",
    "group": "media",
    "content": "\\e699"
  },
  {
    "name": "Login",
    "className": "pt-icon-log-in",
    "tags": "arrow, sign in",
    "group": "action",
    "content": "\\e69a"
  },
  {
    "name": "Heart",
    "className": "pt-icon-heart",
    "tags": "love, like, organ, human, feelings",
    "group": "miscellaneous",
    "content": "\\2665"
  },
  {
    "name": "Office",
    "className": "pt-icon-office",
    "tags": "building, business, location, street",
    "group": "miscellaneous",
    "content": "\\e69b"
  },
  {
    "name": "Duplicate",
    "className": "pt-icon-duplicate",
    "tags": "copy, square, two",
    "group": "action",
    "content": "\\e69c"
  },
  {
    "name": "Ban circle",
    "className": "pt-icon-ban-circle",
    "tags": "circle, refusal",
    "group": "action",
    "content": "\\e69d"
  },
  {
    "name": "Camera",
    "className": "pt-icon-camera",
    "tags": "photograph, picture, video",
    "group": "media",
    "content": "\\e69e"
  },
  {
    "name": "Mobile video",
    "className": "pt-icon-mobile-video",
    "tags": "film, broadcast, television",
    "group": "media",
    "content": "\\e69f"
  },
  {
    "name": "Video",
    "className": "pt-icon-video",
    "tags": "film, broadcast, television",
    "group": "media",
    "content": "\\e6a0"
  },
  {
    "name": "Film",
    "className": "pt-icon-film",
    "tags": "movie, cinema, theatre",
    "group": "media",
    "content": "\\e6a1"
  },
  {
    "name": "Settings",
    "className": "pt-icon-settings",
    "tags": "controls, knobs",
    "group": "media",
    "content": "\\e6a2"
  },
  {
    "name": "Volume: off",
    "className": "pt-icon-volume-off",
    "tags": "audio, video, speaker, music, sound, low",
    "group": "media",
    "content": "\\e6a3"
  },
  {
    "name": "Volume: down",
    "className": "pt-icon-volume-down",
    "tags": "audio, video, speaker, music, sound",
    "group": "media",
    "content": "\\e6a4"
  },
  {
    "name": "Volume: up",
    "className": "pt-icon-volume-up",
    "tags": "audio, video, speaker, music, sound, high",
    "group": "media",
    "content": "\\e6a5"
  },
  {
    "name": "Music",
    "className": "pt-icon-music",
    "tags": "audio, video, note, sound",
    "group": "media",
    "content": "\\e6a6"
  },
  {
    "name": "Step backward",
    "className": "pt-icon-step-backward",
    "tags": "player, media, controls, digital, analogue, film, audio, video",
    "group": "media",
    "content": "\\e6a7"
  },
  {
    "name": "Fast backward",
    "className": "pt-icon-fast-backward",
    "tags": "player, media, controls, digital, analogue, film, audio, video",
    "group": "media",
    "content": "\\e6a8"
  },
  {
    "name": "Pause",
    "className": "pt-icon-pause",
    "tags": "player, media, controls, digital, analogue, film, audio, video",
    "group": "media",
    "content": "\\e6a9"
  },
  {
    "name": "Stop",
    "className": "pt-icon-stop",
    "tags": "player, media, controls, digital, analogue, film, audio, video",
    "group": "media",
    "content": "\\e6aa"
  },
  {
    "name": "Play",
    "className": "pt-icon-play",
    "tags": "player, media, controls, digital, analogue, film, audio, video",
    "group": "media",
    "content": "\\e6ab"
  },
  {
    "name": "Fast forward",
    "className": "pt-icon-fast-forward",
    "tags": "player, media, controls, digital, analogue, film, audio, video",
    "group": "media",
    "content": "\\e6ac"
  },
  {
    "name": "Step forward",
    "className": "pt-icon-step-forward",
    "tags": "player, media, controls, digital, analogue, film, audio, video",
    "group": "media",
    "content": "\\e6ad"
  },
  {
    "name": "Eject",
    "className": "pt-icon-eject",
    "tags": "player, media, controls, digital, analogue, film, audio, video",
    "group": "media",
    "content": "\\23cf"
  },
  {
    "name": "Record",
    "className": "pt-icon-record",
    "tags": "player, media, controls, digital, analogue, film, audio, video",
    "group": "media",
    "content": "\\e6ae"
  },
  {
    "name": "Desktop",
    "className": "pt-icon-desktop",
    "tags": "screen, monitor, display",
    "group": "media",
    "content": "\\e6af"
  },
  {
    "name": "Phone",
    "className": "pt-icon-phone",
    "tags": "telephone, call, ring",
    "group": "media",
    "content": "\\260e"
  },
  {
    "name": "Lightbulb",
    "className": "pt-icon-lightbulb",
    "tags": "idea, glow, lamp",
    "group": "miscellaneous",
    "content": "\\e6b0"
  },
  {
    "name": "Glass",
    "className": "pt-icon-glass",
    "tags": "glassware, drink",
    "group": "miscellaneous",
    "content": "\\e6b1"
  },
  {
    "name": "Tint",
    "className": "pt-icon-tint",
    "tags": "drop, color, coloration, hue",
    "group": "media",
    "content": "\\e6b2"
  },
  {
    "name": "Flash",
    "className": "pt-icon-flash",
    "tags": "light, contrast, photograph, picture",
    "group": "media",
    "content": "\\e6b3"
  },
  {
    "name": "Font",
    "className": "pt-icon-font",
    "tags": "scale, typography, size",
    "group": "editor",
    "content": "\\e6b4"
  },
  {
    "name": "Header",
    "className": "pt-icon-header",
    "tags": "typography, section, layout",
    "group": "editor",
    "content": "\\e6b5"
  },
  {
    "name": "Saved",
    "className": "pt-icon-saved",
    "tags": "document, check mark, tick",
    "group": "file",
    "content": "\\e6b6"
  },
  {
    "name": "Floppy disk",
    "className": "pt-icon-floppy-disk",
    "tags": "save",
    "group": "interface",
    "content": "\\e6b7"
  },
  {
    "name": "Book",
    "className": "pt-icon-book",
    "tags": "pages, album, brochure, manual",
    "group": "miscellaneous",
    "content": "\\e6b8"
  },
  {
    "name": "Hand: right",
    "className": "pt-icon-hand-right",
    "tags": "gesture, direction",
    "group": "interface",
    "content": "\\e6b9"
  },
  {
    "name": "Hand: up",
    "className": "pt-icon-hand-up",
    "tags": "gesture, direction",
    "group": "interface",
    "content": "\\e6ba"
  },
  {
    "name": "Hand: down",
    "className": "pt-icon-hand-down",
    "tags": "gesture, direction",
    "group": "interface",
    "content": "\\e6bb"
  },
  {
    "name": "Hand: left",
    "className": "pt-icon-hand-left",
    "tags": "gesture, direction",
    "group": "interface",
    "content": "\\e6bc"
  },
  {
    "name": "Thumbs: up",
    "className": "pt-icon-thumbs-up",
    "tags": "hand, like, ok",
    "group": "interface",
    "content": "\\e6bd"
  },
  {
    "name": "Thumbs: down",
    "className": "pt-icon-thumbs-down",
    "tags": "hand, dislike, bad",
    "group": "interface",
    "content": "\\e6be"
  },
  {
    "name": "Box",
    "className": "pt-icon-box",
    "tags": "folder, carton, pack",
    "group": "file",
    "content": "\\e6bf"
  },
  {
    "name": "Compressed",
    "className": "pt-icon-compressed",
    "tags": "folder, carton, pack, shrink, wrap, shorten",
    "group": "file",
    "content": "\\e6c0"
  },
  {
    "name": "Shopping cart",
    "className": "pt-icon-shopping-cart",
    "tags": "trolley, mall, online, store, business",
    "group": "miscellaneous",
    "content": "\\e6c1"
  },
  {
    "name": "Shop",
    "className": "pt-icon-shop",
    "tags": "store, business, shopping",
    "group": "miscellaneous",
    "content": "\\e6c2"
  },
  {
    "name": "Layout: linear",
    "className": "pt-icon-layout-linear",
    "tags": "dots, connection, line",
    "group": "data",
    "content": "\\e6c3"
  },
  {
    "name": "Undo",
    "className": "pt-icon-undo",
    "tags": "back, cancel, reverse, revoke,",
    "group": "action",
    "content": "\\238c"
  },
  {
    "name": "Redo",
    "className": "pt-icon-redo",
    "tags": "forward, push",
    "group": "action",
    "content": "\\e6c4"
  },
  {
    "name": "Code block",
    "className": "pt-icon-code-block",
    "tags": "code, markup, language, tag",
    "group": "file",
    "content": "\\e6c5"
  },
  {
    "name": "Double caret: vertical",
    "className": "pt-icon-double-caret-vertical",
    "tags": "sort, arrow, list",
    "group": "interface",
    "content": "\\e6c6"
  },
  {
    "name": "Double caret: horizontal",
    "className": "pt-icon-double-caret-horizontal",
    "tags": "sort, arrow, list",
    "group": "interface",
    "content": "\\e6c7"
  },
  {
    "name": "Sort: alphabetical descending",
    "className": "pt-icon-sort-alphabetical-desc",
    "tags": "order, list, array, arrange",
    "group": "action",
    "content": "\\e6c8"
  },
  {
    "name": "Sort: numerical descending",
    "className": "pt-icon-sort-numerical-desc",
    "tags": "order, list, array, arrange",
    "group": "action",
    "content": "\\e6c9"
  },
  {
    "name": "Take action",
    "className": "pt-icon-take-action",
    "tags": "case, court, deal, gavel",
    "group": "action",
    "content": "\\e6ca"
  },
  {
    "name": "Contrast",
    "className": "pt-icon-contrast",
    "tags": "color, brightness",
    "group": "media",
    "content": "\\e6cb"
  },
  {
    "name": "Eye: off",
    "className": "pt-icon-eye-off",
    "tags": "visibility, hide",
    "group": "interface",
    "content": "\\e6cc"
  },
  {
    "name": "Area chart",
    "className": "pt-icon-timeline-area-chart",
    "tags": "graph, line, diagram",
    "group": "data",
    "content": "\\e6cd"
  },
  {
    "name": "Doughnut chart",
    "className": "pt-icon-doughnut-chart",
    "tags": "circle, section, part, graph",
    "group": "data",
    "content": "\\e6ce"
  },
  {
    "name": "Layer",
    "className": "pt-icon-layer",
    "tags": "zone, level",
    "group": "interface",
    "content": "\\e6cf"
  },
  {
    "name": "Grid",
    "className": "pt-icon-grid",
    "tags": "layout, arrangement",
    "group": "data",
    "content": "\\e6d0"
  },
  {
    "name": "Polygon filter",
    "className": "pt-icon-polygon-filter",
    "tags": "shape, form",
    "group": "data",
    "content": "\\e6d1"
  },
  {
    "name": "Add to folder",
    "className": "pt-icon-add-to-folder",
    "tags": "file, portfolio, case, import",
    "group": "file",
    "content": "\\e6d2"
  },
  {
    "name": "Layout: balloon",
    "className": "pt-icon-layout-balloon",
    "tags": "layout, presentation, arrangement, graph",
    "group": "data",
    "content": "\\e6d3"
  },
  {
    "name": "Layout: sorted clusters",
    "className": "pt-icon-layout-sorted-clusters",
    "tags": "layout, presentation, arrangement, graph",
    "group": "data",
    "content": "\\e6d4"
  },
  {
    "name": "Sort: ascending",
    "className": "pt-icon-sort-asc",
    "tags": "order, list, array, arrange",
    "group": "action",
    "content": "\\e6d5"
  },
  {
    "name": "Sort: descending",
    "className": "pt-icon-sort-desc",
    "tags": "order, list, array, arrange",
    "group": "action",
    "content": "\\e6d6"
  },
  {
    "name": "Small cross",
    "className": "pt-icon-small-cross",
    "tags": "cross mark, fail, delete, no, close, remove",
    "group": "action",
    "content": "\\e6d7"
  },
  {
    "name": "Small tick",
    "className": "pt-icon-small-tick",
    "tags": "tick mark, sign, ok, approved, success",
    "group": "action",
    "content": "\\e6d8"
  },
  {
    "name": "Power",
    "className": "pt-icon-power",
    "tags": "button, on, off",
    "group": "media",
    "content": "\\e6d9"
  },
  {
    "name": "Column layout",
    "className": "pt-icon-column-layout",
    "tags": "layout, arrangement",
    "group": "table",
    "content": "\\e6da"
  },
  {
    "name": "Arrow: top left",
    "className": "pt-icon-arrow-top-left",
    "tags": "direction, north west",
    "group": "interface",
    "content": "\\2196"
  },
  {
    "name": "Arrow: top right",
    "className": "pt-icon-arrow-top-right",
    "tags": "direction, north east",
    "group": "interface",
    "content": "\\2197"
  },
  {
    "name": "Arrow: bottom right",
    "className": "pt-icon-arrow-bottom-right",
    "tags": "direction, south east",
    "group": "interface",
    "content": "\\2198"
  },
  {
    "name": "Arrow: bottom left",
    "className": "pt-icon-arrow-bottom-left",
    "tags": "direction, south west",
    "group": "interface",
    "content": "\\2199"
  },
  {
    "name": "Mugshot",
    "className": "pt-icon-mugshot",
    "tags": "person, photograph, picture,",
    "group": "interface",
    "content": "\\e6db"
  },
  {
    "name": "Headset",
    "className": "pt-icon-headset",
    "tags": "headphones, call, communication",
    "group": "media",
    "content": "\\e6dc"
  },
  {
    "name": "Text highlight",
    "className": "pt-icon-text-highlight",
    "tags": "selector, content",
    "group": "editor",
    "content": "\\e6dd"
  },
  {
    "name": "Hand",
    "className": "pt-icon-hand",
    "tags": "gesture, fingers",
    "group": "interface",
    "content": "\\e6de"
  },
  {
    "name": "Chevron: backward",
    "className": "pt-icon-chevron-backward",
    "tags": "skip, direction",
    "group": "interface",
    "content": "\\e6df"
  },
  {
    "name": "Chevron: forward",
    "className": "pt-icon-chevron-forward",
    "tags": "skip, direction",
    "group": "interface",
    "content": "\\e6e0"
  },
  {
    "name": "Rotate: document",
    "className": "pt-icon-rotate-document",
    "tags": "turn, anti clockwise",
    "group": "editor",
    "content": "\\e6e1"
  },
  {
    "name": "Rotate: page",
    "className": "pt-icon-rotate-page",
    "tags": "turn, anti clockwise",
    "group": "editor",
    "content": "\\e6e2"
  },
  {
    "name": "Badge",
    "className": "pt-icon-badge",
    "tags": "emblem, symbol, identification, insignia, marker",
    "group": "miscellaneous",
    "content": "\\e6e3"
  },
  {
    "name": "Grid view",
    "className": "pt-icon-grid-view",
    "tags": "layout, arrangement",
    "group": "editor",
    "content": "\\e6e4"
  },
  {
    "name": "Function",
    "className": "pt-icon-function",
    "tags": "math, calculation",
    "group": "table",
    "content": "\\e6e5"
  },
  {
    "name": "Waterfall chart",
    "className": "pt-icon-waterfall-chart",
    "tags": "graph, diagram",
    "group": "data",
    "content": "\\e6e6"
  },
  {
    "name": "Stacked chart",
    "className": "pt-icon-stacked-chart",
    "tags": "bar chart",
    "group": "data",
    "content": "\\e6e7"
  },
  {
    "name": "Pulse",
    "className": "pt-icon-pulse",
    "tags": "medical, life, heartbeat, hospital",
    "group": "miscellaneous",
    "content": "\\e6e8"
  },
  {
    "name": "New person",
    "className": "pt-icon-new-person",
    "tags": "person, human, male, female, character, customer, individual, add",
    "group": "interface",
    "content": "\\e6e9"
  },
  {
    "name": "Exclude row",
    "className": "pt-icon-exclude-row",
    "tags": "delete, remove, table",
    "group": "table",
    "content": "\\e6ea"
  },
  {
    "name": "Pivot table",
    "className": "pt-icon-pivot-table",
    "tags": "rotate, axis",
    "group": "table",
    "content": "\\e6eb"
  },
  {
    "name": "Segmented control",
    "className": "pt-icon-segmented-control",
    "tags": "button, switch, option",
    "group": "interface",
    "content": "\\e6ec"
  },
  {
    "name": "Highlight",
    "className": "pt-icon-highlight",
    "tags": "select, text",
    "group": "action",
    "content": "\\e6ed"
  },
  {
    "name": "Filter: list",
    "className": "pt-icon-filter-list",
    "tags": "filtering, funnel, tube, pipe",
    "group": "action",
    "content": "\\e6ee"
  },
  {
    "name": "Cut",
    "className": "pt-icon-cut",
    "tags": "scissors",
    "group": "action",
    "content": "\\e6ef"
  },
  {
    "name": "Annotation",
    "className": "pt-icon-annotation",
    "tags": "note, comment, edit,",
    "group": "editor",
    "content": "\\e6f0"
  },
  {
    "name": "Pivot",
    "className": "pt-icon-pivot",
    "tags": "rotate, axis",
    "group": "action",
    "content": "\\e6f1"
  },
  {
    "name": "Ring",
    "className": "pt-icon-ring",
    "tags": "empty, circle, selection",
    "group": "miscellaneous",
    "content": "\\e6f2"
  },
  {
    "name": "Heat grid",
    "className": "pt-icon-heat-grid",
    "tags": "chart",
    "group": "data",
    "content": "\\e6f3"
  },
  {
    "name": "Gantt chart",
    "className": "pt-icon-gantt-chart",
    "tags": "bar chart, schedule, project",
    "group": "data",
    "content": "\\e6f4"
  },
  {
    "name": "Variable",
    "className": "pt-icon-variable",
    "tags": "math, calculation",
    "group": "table",
    "content": "\\e6f5"
  },
  {
    "name": "Manual",
    "className": "pt-icon-manual",
    "tags": "guide, instruction",
    "group": "interface",
    "content": "\\e6f6"
  },
  {
    "name": "Add row: top",
    "className": "pt-icon-add-row-top",
    "tags": "table, attach, join",
    "group": "table",
    "content": "\\e6f7"
  },
  {
    "name": "Add row: bottom",
    "className": "pt-icon-add-row-bottom",
    "tags": "table, attach, join",
    "group": "table",
    "content": "\\e6f8"
  },
  {
    "name": "Add column: left",
    "className": "pt-icon-add-column-left",
    "tags": "table, attach, join",
    "group": "table",
    "content": "\\e6f9"
  },
  {
    "name": "Add column: right",
    "className": "pt-icon-add-column-right",
    "tags": "table, attach, join",
    "group": "table",
    "content": "\\e6fa"
  },
  {
    "name": "Remove row: top",
    "className": "pt-icon-remove-row-top",
    "tags": "table, detach, delete",
    "group": "table",
    "content": "\\e6fb"
  },
  {
    "name": "Remove row: bottom",
    "className": "pt-icon-remove-row-bottom",
    "tags": "table, detach, delete",
    "group": "table",
    "content": "\\e6fc"
  },
  {
    "name": "Remove column: left",
    "className": "pt-icon-remove-column-left",
    "tags": "table, detach, delete",
    "group": "table",
    "content": "\\e6fd"
  },
  {
    "name": "Remove column: right",
    "className": "pt-icon-remove-column-right",
    "tags": "table, detach, delete",
    "group": "table",
    "content": "\\e6fe"
  },
  {
    "name": "Double chevron: left",
    "className": "pt-icon-double-chevron-left",
    "tags": "arrows, multiple, direction",
    "group": "interface",
    "content": "\\e6ff"
  },
  {
    "name": "Double chevron: right",
    "className": "pt-icon-double-chevron-right",
    "tags": "arrows, multiple, direction",
    "group": "interface",
    "content": "\\e701"
  },
  {
    "name": "Double chevron: up",
    "className": "pt-icon-double-chevron-up",
    "tags": "arrows, multiple, direction",
    "group": "interface",
    "content": "\\e702"
  },
  {
    "name": "Double chevron: down",
    "className": "pt-icon-double-chevron-down",
    "tags": "arrows, multiple, direction",
    "group": "interface",
    "content": "\\e703"
  },
  {
    "name": "Key: control",
    "className": "pt-icon-key-control",
    "tags": "interface, shortcuts, buttons",
    "group": "media",
    "content": "\\e704"
  },
  {
    "name": "Key: command",
    "className": "pt-icon-key-command",
    "tags": "interface, shortcuts, buttons",
    "group": "media",
    "content": "\\e705"
  },
  {
    "name": "Key: shift",
    "className": "pt-icon-key-shift",
    "tags": "interface, shortcuts, buttons",
    "group": "media",
    "content": "\\e706"
  },
  {
    "name": "Key: backspace",
    "className": "pt-icon-key-backspace",
    "tags": "interface, shortcuts, buttons",
    "group": "media",
    "content": "\\e707"
  },
  {
    "name": "Key: delete",
    "className": "pt-icon-key-delete",
    "tags": "interface, shortcuts, buttons",
    "group": "media",
    "content": "\\e708"
  },
  {
    "name": "Key: escape",
    "className": "pt-icon-key-escape",
    "tags": "interface, shortcuts, buttons",
    "group": "media",
    "content": "\\e709"
  },
  {
    "name": "Key: enter",
    "className": "pt-icon-key-enter",
    "tags": "interface, shortcuts, buttons",
    "group": "media",
    "content": "\\e70a"
  },
  {
    "name": "Calculator",
    "className": "pt-icon-calculator",
    "tags": "math, device, value, numbers, total",
    "group": "miscellaneous",
    "content": "\\e70b"
  },
  {
    "name": "Horizontal bar chart",
    "className": "pt-icon-horizontal-bar-chart",
    "tags": "graph, diagram",
    "group": "data",
    "content": "\\e70c"
  },
  {
    "name": "Small plus",
    "className": "pt-icon-small-plus",
    "tags": "sign, add, maximize, zoom in",
    "group": "action",
    "content": "\\e70d"
  },
  {
    "name": "Small minus",
    "className": "pt-icon-small-minus",
    "tags": "sign, remove, minimize, zoom out",
    "group": "action",
    "content": "\\e70e"
  },
  {
    "name": "Step chart",
    "className": "pt-icon-step-chart",
    "tags": "graph, diagram",
    "group": "data",
    "content": "\\e70f"
  },
  {
    "name": "Euro",
    "className": "pt-icon-euro",
    "tags": "currency, money",
    "group": "miscellaneous",
    "content": "\\20ac"
  },
  {
    "name": "Drag handle: vertical",
    "className": "pt-icon-drag-handle-vertical",
    "tags": "move, pull",
    "group": "action",
    "content": "\\e715"
  },
  {
    "name": "Drag handle: horizontal",
    "className": "pt-icon-drag-handle-horizontal",
    "tags": "move, pull",
    "group": "action",
    "content": "\\e716"
  },
  {
    "name": "Mobile phone",
    "className": "pt-icon-mobile-phone",
    "tags": "cellular, device, call",
    "group": "media",
    "content": "\\e717"
  },
  {
    "name": "Sim card",
    "className": "pt-icon-sim-card",
    "tags": "phone, cellular",
    "group": "media",
    "content": "\\e718"
  },
  {
    "name": "Trending: up",
    "className": "pt-icon-trending-up",
    "tags": "growth, incline, progress",
    "group": "data",
    "content": "\\e719"
  },
  {
    "name": "Trending: down",
    "className": "pt-icon-trending-down",
    "tags": "decrease, decline, loss",
    "group": "data",
    "content": "\\e71a"
  },
  {
    "name": "Curved range chart",
    "className": "pt-icon-curved-range-chart",
    "tags": "graph, diagram",
    "group": "data",
    "content": "\\e71b"
  },
  {
    "name": "Vertical bar chart: descending",
    "className": "pt-icon-vertical-bar-chart-desc",
    "tags": "graph, bar, histogram",
    "group": "data",
    "content": "\\e71c"
  },
  {
    "name": "Horizontal bar chart: descending",
    "className": "pt-icon-horizontal-bar-chart-desc",
    "tags": "graph, bar, histogram",
    "group": "data",
    "content": "\\e71d"
  },
  {
    "name": "Document: open",
    "className": "pt-icon-document-open",
    "tags": "paper, access",
    "group": "file",
    "content": "\\e71e"
  },
  {
    "name": "Document: share",
    "className": "pt-icon-document-share",
    "tags": "paper, send",
    "group": "file",
    "content": "\\e71f"
  },
  {
    "name": "Distribution: horizontal",
    "className": "pt-icon-horizontal-distribution",
    "tags": "alignment, layout, position",
    "group": "editor",
    "content": "\\e720"
  },
  {
    "name": "Distribution: vertical",
    "className": "pt-icon-vertical-distribution",
    "tags": "alignment, layout, position",
    "group": "editor",
    "content": "\\e721"
  },
  {
    "name": "Alignment: left",
    "className": "pt-icon-alignment-left",
    "tags": "layout, position",
    "group": "editor",
    "content": "\\e722"
  },
  {
    "name": "Alignment: vertical center",
    "className": "pt-icon-alignment-vertical-center",
    "tags": "layout, position",
    "group": "editor",
    "content": "\\e723"
  },
  {
    "name": "Alignment: right",
    "className": "pt-icon-alignment-right",
    "tags": "layout, position",
    "group": "editor",
    "content": "\\e724"
  },
  {
    "name": "Alignment: top",
    "className": "pt-icon-alignment-top",
    "tags": "layout, position",
    "group": "editor",
    "content": "\\e725"
  },
  {
    "name": "Alignment: horizontal center",
    "className": "pt-icon-alignment-horizontal-center",
    "tags": "layout, position",
    "group": "editor",
    "content": "\\e726"
  },
  {
    "name": "Alignment: bottom",
    "className": "pt-icon-alignment-bottom",
    "tags": "layout, position",
    "group": "editor",
    "content": "\\e727"
  },
  {
    "name": "Git: pull",
    "className": "pt-icon-git-pull",
    "tags": "github, repository, code, command",
    "group": "action",
    "content": "\\e728"
  },
  {
    "name": "Git: merge",
    "className": "pt-icon-git-merge",
    "tags": "github, repository, code, command",
    "group": "action",
    "content": "\\e729"
  },
  {
    "name": "Git: branch",
    "className": "pt-icon-git-branch",
    "tags": "github, repository, code, command",
    "group": "action",
    "content": "\\e72a"
  },
  {
    "name": "Git: commit",
    "className": "pt-icon-git-commit",
    "tags": "github, repository, code, command",
    "group": "action",
    "content": "\\e72b"
  },
  {
    "name": "Git: push",
    "className": "pt-icon-git-push",
    "tags": "github, repository, code, command",
    "group": "action",
    "content": "\\e72c"
  },
  {
    "name": "Build",
    "className": "pt-icon-build",
    "tags": "hammer",
    "group": "action",
    "content": "\\e72d"
  },
  {
    "name": "Symbol: circle",
    "className": "pt-icon-symbol-circle",
    "tags": "shape, figure",
    "group": "interface",
    "content": "\\e72e"
  },
  {
    "name": "Symbol: square",
    "className": "pt-icon-symbol-square",
    "tags": "shape, figure",
    "group": "interface",
    "content": "\\e72f"
  },
  {
    "name": "Symbol: diamond",
    "className": "pt-icon-symbol-diamond",
    "tags": "shape, figure",
    "group": "interface",
    "content": "\\e730"
  },
  {
    "name": "Symbol: cross",
    "className": "pt-icon-symbol-cross",
    "tags": "shape, figure",
    "group": "interface",
    "content": "\\e731"
  },
  {
    "name": "Symbol: triangle up",
    "className": "pt-icon-symbol-triangle-up",
    "tags": "shape, figure",
    "group": "interface",
    "content": "\\e732"
  },
  {
    "name": "Symbol: triangle down",
    "className": "pt-icon-symbol-triangle-down",
    "tags": "shape, figure",
    "group": "interface",
    "content": "\\e733"
  },
  {
    "name": "Wrench",
    "className": "pt-icon-wrench",
    "tags": "tool, repair",
    "group": "miscellaneous",
    "content": "\\e734"
  },
  {
    "name": "Application",
    "className": "pt-icon-application",
    "tags": "application, browser, windows, platform",
    "group": "interface",
    "content": "\\e735"
  },
  {
    "name": "Send to graph",
    "className": "pt-icon-send-to-graph",
    "tags": "transfer, move",
    "group": "action",
    "content": "\\e736"
  },
  {
    "name": "Send to map",
    "className": "pt-icon-send-to-map",
    "tags": "transfer, move",
    "group": "action",
    "content": "\\e737"
  },
  {
    "name": "Join table",
    "className": "pt-icon-join-table",
    "tags": "combine, attach, connect, link, unite",
    "group": "table",
    "content": "\\e738"
  },
  {
    "name": "Derive column",
    "className": "pt-icon-derive-column",
    "tags": "table, obtain, get, take, develop",
    "group": "action",
    "content": "\\e739"
  },
  {
    "name": "Rotate image: left",
    "className": "pt-icon-image-rotate-left",
    "tags": "picture, turn, alternate",
    "group": "media",
    "content": "\\e73a"
  },
  {
    "name": "Rotate image: right",
    "className": "pt-icon-image-rotate-right",
    "tags": "picture, turn, alternate",
    "group": "media",
    "content": "\\e73b"
  },
  {
    "name": "Known vehicle",
    "className": "pt-icon-known-vehicle",
    "tags": "car, automobile, vehicle, van, drive, ride, distance, navigation, directions",
    "group": "interface",
    "content": "\\e73c"
  },
  {
    "name": "Unknown vehicle",
    "className": "pt-icon-unknown-vehicle",
    "tags": "car, automobile, vehicle, van, drive, ride, distance, navigation, directions",
    "group": "interface",
    "content": "\\e73d"
  },
  {
    "name": "Scatter plot",
    "className": "pt-icon-scatter-plot",
    "tags": "graph, diagram",
    "group": "data",
    "content": "\\e73e"
  },
  {
    "name": "Oil field",
    "className": "pt-icon-oil-field",
    "tags": "fuel, petroleum, gas, well, drilling, pump",
    "group": "interface",
    "content": "\\e73f"
  },
  {
    "name": "Rig",
    "className": "pt-icon-rig",
    "tags": "fuel, petroleum, gas, well, drilling",
    "group": "interface",
    "content": "\\e740"
  },
  {
    "name": "New map",
    "className": "pt-icon-map-create",
    "tags": "map, location, position, geography, world",
    "group": "interface",
    "content": "\\e741"
  },
  {
    "name": "Key: option",
    "className": "pt-icon-key-option",
    "tags": "interface, shortcuts, buttons",
    "group": "media",
    "content": "\\e742"
  },
  {
    "name": "List: detail view",
    "className": "pt-icon-list-detail-view",
    "tags": "agenda, four lines, table",
    "group": "table",
    "content": "\\e743"
  },
  {
    "name": "Swap: vertical",
    "className": "pt-icon-swap-vertical",
    "tags": "direction, position, opposite, inverse",
    "group": "interface",
    "content": "\\e744"
  },
  {
    "name": "Swap: horizontal",
    "className": "pt-icon-swap-horizontal",
    "tags": "direction, position, opposite, inverse",
    "group": "interface",
    "content": "\\e745"
  },
  {
    "name": "Numbered list",
    "className": "pt-icon-numbered-list",
    "tags": "order, list, array, arrange",
    "group": "action",
    "content": "\\e746"
  },
  {
    "name": "New grid item",
    "className": "pt-icon-new-grid-item",
    "tags": "layout, arrangement, add",
    "group": "editor",
    "content": "\\e747"
  },
  {
    "name": "Git: repo",
    "className": "pt-icon-git-repo",
    "tags": "github, repository, code, command",
    "group": "action",
    "content": "\\e748"
  },
  {
    "name": "Git: new branch",
    "className": "pt-icon-git-new-branch",
    "tags": "github, repository, code, command",
    "group": "action",
    "content": "\\e749"
  },
  {
    "name": "Manually entered data",
    "className": "pt-icon-manually-entered-data",
    "tags": "input, human",
    "group": "editor",
    "content": "\\e74a"
  },
  {
    "name": "Airplane",
    "className": "pt-icon-airplane",
    "tags": "flight, jet, travel, trip, transport, take-off",
    "group": "interface",
    "content": "\\e74b"
  },
  {
    "name": "Merge columns",
    "className": "pt-icon-merge-columns",
    "tags": "layout, change, two, combine, unite",
    "group": "table",
    "content": "\\e74f"
  },
  {
    "name": "Split columns",
    "className": "pt-icon-split-columns",
    "tags": "layout, change, two, break, divide",
    "group": "table",
    "content": "\\e750"
  },
  {
    "name": "Dashboard",
    "className": "pt-icon-dashboard",
    "tags": "panel, control",
    "group": "interface",
    "content": "\\e751"
  },
  {
    "name": "Publish function",
    "className": "pt-icon-publish-function",
    "tags": "math, calculation, share",
    "group": "table",
    "content": "\\e752"
  },
  {
    "name": "Path",
    "className": "pt-icon-path",
    "tags": "hierarchy, trail, steps",
    "group": "interface",
    "content": "\\e753"
  },
  {
    "name": "Moon",
    "className": "pt-icon-moon",
    "tags": "night, sky, dark",
    "group": "miscellaneous",
    "content": "\\e754"
  },
  {
    "name": "Remove column",
    "className": "pt-icon-remove-column",
    "tags": "table, detach, delete",
    "group": "table",
    "content": "\\e755"
  },
  {
    "name": "Numerical",
    "className": "pt-icon-numerical",
    "tags": "numbers, order, sort, arrange, array",
    "group": "action",
    "content": "\\e756"
  }
]
